,AMSR_138399_Ct_uber,AMSR_152993_Ct_uber
AMSR_138399_Ct_uber,NA,61.9435226637943
AMSR_152993_Ct_uber,61.9435226637943,NA
