,WAMR_140983_Ct_mary,WAMR_158428_Ct_mary
WAMR_140983_Ct_mary,NA,945.233304533859
WAMR_158428_Ct_mary,945.233304533859,NA
