,CUMV_14845_Ct_calu,WAMR_102658_Ct_nasu
CUMV_14845_Ct_calu,NA,347.516906063576
WAMR_102658_Ct_nasu,347.516906063576,NA
