,AMSR_138399_Ct_uber,AMSR_152993_Ct_uber
AMSR_138399_Ct_uber,NA,0.311111111111111
AMSR_152993_Ct_uber,0.311111111111111,NA
