,CUMV_14845_Ct_calu,WAMR_102658_Ct_nasu
CUMV_14845_Ct_calu,NA,1.38271604938272
WAMR_102658_Ct_nasu,1.38271604938272,NA
