,NA_CCM1006_Ct_ehma,NA_CCM1013_Ct_ehma
NA_CCM1006_Ct_ehma,NA,0.862745098039216
NA_CCM1013_Ct_ehma,0.862745098039216,NA
