,CUMV_14845_Ct_calu,WAMR_102658_Ct_nasu
CUMV_14845_Ct_calu,NA,570.728208449214
WAMR_102658_Ct_nasu,570.728208449214,NA
