,WAMR_140983_Ct_mary,WAMR_158428_Ct_mary
WAMR_140983_Ct_mary,NA,109.005757216171
WAMR_158428_Ct_mary,109.005757216171,NA
