,AMSR_138399_Ct_uber,AMSR_152993_Ct_uber
AMSR_138399_Ct_uber,NA,53.0646976122105
AMSR_152993_Ct_uber,53.0646976122105,NA
